Value;Count;Percentage
FASFIDKVR;18;3.7894736842105265
QSNNKYAASSYLSLTPEQWK;12;2.526315789473684
PSIVGRPR;10;2.1052631578947367
AVFPSIVGRPR;10;2.1052631578947367
LPDGQVITIGNER;10;2.1052631578947367
AGFAGDDAPR;9;1.8947368421052633
LAADDFR;8;1.6842105263157894
LPLRYPERLQNPSESSEPIPLESR;7;1.4736842105263157
VTMQNLNDRLASYLDKVR;6;1.263157894736842
GRVMPVLKSPTIPFFDPQIPK;5;1.0526315789473684
VMPVLKSPTIPFFDPQIPK;5;1.0526315789473684
SVPQPKVLPIPQQVVPYPQR;5;1.0526315789473684
AKDTVYTK;4;0.8421052631578947
AGVETTTPSK;4;0.8421052631578947
HTGLRRTAGWNVPIGTLRPFLNWTGPPEPIEAAVAR;4;0.8421052631578947
TAGWNVPIGTLRPFLNWTGPPEPIEAAVAR;4;0.8421052631578947
EANADLEVK;4;0.8421052631578947
KSEEEVAAR;4;0.8421052631578947
GPSTYKIPAFGSIPIEFR;4;0.8421052631578947
SVNGKEDAIWNLLR;4;0.8421052631578947
LHGKTTYEK;4;0.8421052631578947
TYYANPAVVRPHAQIPQR;4;0.8421052631578947
RPAIAINNPYVPR;3;0.631578947368421
VLPIPQQVVPYPQR;3;0.631578947368421
RPNLHPSFIAIPPKK;3;0.631578947368421
SCHTGLRRTAGWNVPIGTLRPFLNWTGPPEPIEAAVAR;3;0.631578947368421
QAQEKFGKDK;3;0.631578947368421
QAQEKFGK;3;0.631578947368421
DTVYTKGR;3;0.631578947368421
TTLTGLDVQDMLPR;3;0.631578947368421
GGSFQLNELQGLK;3;0.631578947368421
TLNDMRQEYEQLIAK;3;0.631578947368421
GPSVFPLAPCSR;3;0.631578947368421
EKQTDEIKDTR;3;0.631578947368421
DVTVLQNTDGNNNEAWAKDLK;3;0.631578947368421
GWNVPIGTLRPFLNWTGPPEPIEAAVAR;3;0.631578947368421
FQLFGSPSGQKDLLFKDSAIGFSR;3;0.631578947368421
KVPQVSTPTLVEVSR;3;0.631578947368421
LQNPSESSEPIPLESR;3;0.631578947368421
SDCPDKFCLFQSETK;2;0.42105263157894735
ALPAPIEK;2;0.42105263157894735
ETIESLSSSEESITEYKQKVEK;2;0.42105263157894735
RAPAFEGR;2;0.42105263157894735
PTIPFFDPQIPK;2;0.42105263157894735
RTAGWNVPIGTLRPFLNWTGPPEPIEAAVAR;2;0.42105263157894735
DSAIGFSR;2;0.42105263157894735
TIESLSSSEESITEYKQKVEK;2;0.42105263157894735
CGLVPVLAENYK;2;0.42105263157894735
EESITEYKQKVEK;2;0.42105263157894735
DGAGDVAFIR;2;0.42105263157894735
SVTCHVK;2;0.42105263157894735
THYYAVAVVKK;2;0.42105263157894735
QYLPNSHPPTVVR;2;0.42105263157894735
KGGSFQLNELQGLK;2;0.42105263157894735
VVNPTQK;2;0.42105263157894735
YLGPQYVAGITNLKK;2;0.42105263157894735
FQLFGSPSGQKDLLFK;2;0.42105263157894735
LNMGITDLQGLR;2;0.42105263157894735
KDLYANTVLSGGTTMYPGIADR;2;0.42105263157894735
VVWCAVGEQELR;2;0.42105263157894735
LADFALLCLDGKRKPVTEAR;2;0.42105263157894735
PVLKSPTIPFFDPQIPK;2;0.42105263157894735
VAPEEHPVLLTEAPLNPK;2;0.42105263157894735
QSPINLQR;2;0.42105263157894735
VMPVLKSPTIPFFD;2;0.42105263157894735
SGVALSPWVIQKNPLFWAK;2;0.42105263157894735
LKQVLLHQQAK;2;0.42105263157894735
SGDGVTHTVPIYEGYALPHAILR;2;0.42105263157894735
PSHAVVAR;2;0.42105263157894735
QVLKPEPELVYEDLRGSVTFHCALGPEVANVAK;2;0.42105263157894735
FFDSFGNLSSASAIMGNPK;2;0.42105263157894735
ESTVFEDLSDEAERDEYELLCPDNTR;2;0.42105263157894735
TIESLSSSEESITEYK;2;0.42105263157894735
LLTPTGELGSKEALWGGLLR;2;0.42105263157894735
FMETVAEKALQEYR;2;0.42105263157894735
GVLEQLR;2;0.42105263157894735
LGLLGDSVDIFKGIPFAAPTK;2;0.42105263157894735
KSEEEVAARR;2;0.42105263157894735
VSLSPSLFKPEEFTPLDPTQEPIFPPELLR;2;0.42105263157894735
TNAENEFVTIKK;2;0.42105263157894735
SVQWCAVSQPEATK;2;0.42105263157894735
THYYAVAVVK;2;0.42105263157894735
AGVETTKPSK;2;0.42105263157894735
KQVLLHQQAK;1;0.21052631578947367
LGLSGTK;1;0.21052631578947367
SCHLAMAPNHAVVSR;1;0.21052631578947367
AEVENDEMPADLPSLAADFVESK;1;0.21052631578947367
FQLFGSPSGQK;1;0.21052631578947367
IANAQDLSK;1;0.21052631578947367
KVPQVSTPTLVEVS;1;0.21052631578947367
SLLEGQDAKMIG;1;0.21052631578947367
VSNKGLPAPIEK;1;0.21052631578947367
AQYEEIANR;1;0.21052631578947367
LKPEPELVYEDLRGSVTFHCALGPEVANVAK;1;0.21052631578947367
VAYSLNGHEFDFIHDVNKK;1;0.21052631578947367
SDLNPVFMASGAK;1;0.21052631578947367
VDAFLGTWKLVDSK;1;0.21052631578947367
KDHSVSLSPSLFKPEEFTPLDPTQEPIFPPELLR;1;0.21052631578947367
VLVHTSVSPSPDNLR;1;0.21052631578947367
ILLNPQDKDGSFSVVITGLRK;1;0.21052631578947367
ARSVNGKEDAIWNLLR;1;0.21052631578947367
TGIVMDSGDGVTHIVPIYEGYALPHAILR;1;0.21052631578947367
LGAVYTEGGFVEGVNKK;1;0.21052631578947367
SAGILVFILLLLVVILIVKK;1;0.21052631578947367
IPQQVVPYPQR;1;0.21052631578947367
LGDSVDIFKGIPFAAPTKALENPQPHPGWQGTLK;1;0.21052631578947367
KSEVAHR;1;0.21052631578947367
QFEGSALGK;1;0.21052631578947367
ATKEQLK;1;0.21052631578947367
QKSQQTISQLHSTVHLIEFAR;1;0.21052631578947367
SCHTGLR;1;0.21052631578947367
IDSGLYLGSGYFTAIQNLR;1;0.21052631578947367
DERPFYQKTAPYVPMYYVPNSYPYYGTNLYQR;1;0.21052631578947367
LRRMWVTGVVTQGASR;1;0.21052631578947367
LDGGYVYTAGK;1;0.21052631578947367
TAPYVPMYYVPNSYPYYGTNLYQR;1;0.21052631578947367
SNMGHPEPASGLAALAK;1;0.21052631578947367
ILLNPQDKDGSFSVVITGLR;1;0.21052631578947367
AISQSGVALSPWVIQKNPLFWAK;1;0.21052631578947367
ERLLEELK;1;0.21052631578947367
DHSVSLSPSLFKPEEFTPLDPTQEPIFPPELLRLKDTPR;1;0.21052631578947367
VVLPVPQPEIMEVPK;1;0.21052631578947367
MVTGVASALSSRYH;1;0.21052631578947367
PYVPMYYVPNSYPYYGTNLYQR;1;0.21052631578947367
IIEGEPNLK;1;0.21052631578947367
SDTSLTWNSVK;1;0.21052631578947367
TRLHPVQER;1;0.21052631578947367
PGLLSPHPLLQLSYTATDR;1;0.21052631578947367
APAFEGR;1;0.21052631578947367
CLAENAGDVAFVKDVTVLQNTDGNNNEAWAK;1;0.21052631578947367
RHPDYSVVLLLR;1;0.21052631578947367
DLLFKDSAIGFSRVPPR;1;0.21052631578947367
RSDTSLTWNSVK;1;0.21052631578947367
VLSIAQAHSPAFSCEQVR;1;0.21052631578947367
SDPDPNCVDRPVEGYLAVAVVR;1;0.21052631578947367
SAVPTHWEPYTTENSGYLEITKK;1;0.21052631578947367
LSSSEESITEYKQKVEK;1;0.21052631578947367
AISQSGVALSPWVIQK;1;0.21052631578947367
PYGFLPQNILPLAQPAVVLPVPQPEIMEVPKAKDTVYTK;1;0.21052631578947367
GQWGTVCDNLWDLTDASVVCRALGFENATQALGRAAFGQ;1;0.21052631578947367
TFAVTSILR;1;0.21052631578947367
IGGRGSSSGGVK;1;0.21052631578947367
DLLFKDSAIGFSR;1;0.21052631578947367
TVAAPSVFIFPPSDEQLK;1;0.21052631578947367
DSPIQCIQAIAENR;1;0.21052631578947367
SISISVAR;1;0.21052631578947367
ETMQNLNDR;1;0.21052631578947367
RSDTSLT;1;0.21052631578947367
AYQQALSR;1;0.21052631578947367
KSCHTAVDR;1;0.21052631578947367
SKLTNLQK;1;0.21052631578947367
KQNASLQAAITDAEQRGELALK;1;0.21052631578947367
AGMVNAWTPSSNDDNPWIQVNLLR;1;0.21052631578947367
TYAYLFSHPSRMPVYPK;1;0.21052631578947367
GDSVVYGLR;1;0.21052631578947367
GALRVLAYSR;1;0.21052631578947367
LSQRFPKAEFAEVSK;1;0.21052631578947367
CIKRDSPIQCIQAIAENR;1;0.21052631578947367
MLGVPANR;1;0.21052631578947367
LTDLENLHLPLPLLQPLMQQVPQPIPQTL;1;0.21052631578947367
DTVYTKG;1;0.21052631578947367
ATNYNAGDR;1;0.21052631578947367
LASHEYLK;1;0.21052631578947367
AACLLPK;1;0.21052631578947367
FGKDKSPK;1;0.21052631578947367
WVCSSLR;1;0.21052631578947367
VLDSGFREIENK;1;0.21052631578947367
NETHAEVLEQQNELCPYESKFDSSLLSSDDETK;1;0.21052631578947367
KAEFAEVSKLVTDLTK;1;0.21052631578947367
DKLVFFVNGR;1;0.21052631578947367
CHTAVDR;1;0.21052631578947367
SGLYLGSGYFTAIQNLR;1;0.21052631578947367
GLCIIPTK;1;0.21052631578947367
LLHQQAK;1;0.21052631578947367
IQAIAENRADAVTLDGGFIYEAGLAPYK;1;0.21052631578947367
DADTLHSK;1;0.21052631578947367
DQHMAIAWVKR;1;0.21052631578947367
ISHELDSASSEVN;1;0.21052631578947367
VTEEDFYKLVSEFTITK;1;0.21052631578947367
DVFLGMFLYEYAR;1;0.21052631578947367
SPTIPFFDPQIPK;1;0.21052631578947367
ADYEKHKVYACEVTHQGLSSPVTK;1;0.21052631578947367
GPPVSCIKRDSPIQCIQAIAENR;1;0.21052631578947367
CVPNSNERYYGYTGAFR;1;0.21052631578947367
SSYSLMR;1;0.21052631578947367
VGAHAGEYGAEALER;1;0.21052631578947367
KCLRDGAGDVAFIR;1;0.21052631578947367
VPFQQLNQLAAYPYAVWYYPQIMQYVPFPPFSDISNPTAHENYEK;1;0.21052631578947367
GIPFAAPTK;1;0.21052631578947367
REDDIAK;1;0.21052631578947367
TLALPPQPLWSVPQPK;1;0.21052631578947367
NADPETTLLAYLR;1;0.21052631578947367
GRVMPVLK;1;0.21052631578947367
RPNLHPSFIAIPPK;1;0.21052631578947367
ADAVTLDGGFIYEAGLAPYK;1;0.21052631578947367
KGDTFSCMVGHEALPLAFTQK;1;0.21052631578947367
QQSSDPDPNCVDRPVEGYLAVAVVR;1;0.21052631578947367
WSVPQPKVLPIPQQVVPYPQR;1;0.21052631578947367
VPYPQRAVPVQALLLNQELLLNPTHQIYPVTQPLAPVHNPISV;1;0.21052631578947367
TLVDAVAK;1;0.21052631578947367
CTGYRPILQGFR;1;0.21052631578947367
DAHKSEVAHR;1;0.21052631578947367
MVQVASR;1;0.21052631578947367
PAVVLPVPQPEIMEVPKAK;1;0.21052631578947367
MFLSFPTTK;1;0.21052631578947367
ADAAPDEKVLDSGFREIENK;1;0.21052631578947367
GYICQTR;1;0.21052631578947367
YQELQITAGR;1;0.21052631578947367
LNEYNQLQLQAAHAQEQIRR;1;0.21052631578947367
THYYAVAVVKKG;1;0.21052631578947367
CGLGINSR;1;0.21052631578947367
ELIDGKLILTLTHGTAVCTR;1;0.21052631578947367
QVLLHQQAK;1;0.21052631578947367
FGRNGSDCPDKFCLFQSETK;1;0.21052631578947367
RIDSGLYLGSGYFTAIQNLR;1;0.21052631578947367
IIAEENIVSR;1;0.21052631578947367
ALGGDLASINNKEEQQTIWR;1;0.21052631578947367
VVWCAVGEQELRK;1;0.21052631578947367
VGPLGFLSTGDANLPGNYGLR;1;0.21052631578947367
CAEQFCRLNEYNQLQLQAAHAQEQIR;1;0.21052631578947367
VGCPVGDAAR;1;0.21052631578947367
LGPQYVAGITNLKK;1;0.21052631578947367
MWVTGVVTQGASR;1;0.21052631578947367
TVQMDHTFFPGYRK;1;0.21052631578947367
VPPRIDSGLYLGSGYFTAIQNLR;1;0.21052631578947367
QEPSQGTTTFAVTSILR;1;0.21052631578947367
LVTDLTK;1;0.21052631578947367
IQVYSRHPAENGK;1;0.21052631578947367
VPSHAVVARSVNGKEDAIWNLLR;1;0.21052631578947367
LPLRYPER;1;0.21052631578947367
VYTVDLGR;1;0.21052631578947367
AKDTVYTKGR;1;0.21052631578947367
TELRPGETLNVNFLLR;1;0.21052631578947367
KPVDKFK;1;0.21052631578947367
ALENPQPHPGWQGTLKAK;1;0.21052631578947367
IMVLNNKFASFIDKVR;1;0.21052631578947367
TLALPPQPLWSVPQPKVLPIPQQVVPYPQR;1;0.21052631578947367
SCHTAVDR;1;0.21052631578947367
VNGKEDAIWNLLR;1;0.21052631578947367
LGMDGYR;1;0.21052631578947367
SGTASVVCLLNNFYPR;1;0.21052631578947367
IDSGLYLGSGYFTAIQNLRK;1;0.21052631578947367
YLYEIARR;1;0.21052631578947367
GDSAVPTHWEPYTTENSGYLEITK;1;0.21052631578947367
PIPQQVVPYPQR;1;0.21052631578947367
VLSPADKTNVK;1;0.21052631578947367
TNLPSNTAFR;1;0.21052631578947367
KVAEKVGCPVGDAAR;1;0.21052631578947367
LCAGTGENK;1;0.21052631578947367
WVGADHADDIQYVFGKPFATPTGYRPQDR;1;0.21052631578947367
LVAASQAALGL;1;0.21052631578947367
AKLGAVYTEGGFVEGVNKK;1;0.21052631578947367
STDYGIFQINSR;1;0.21052631578947367
SGSGLVGR;1;0.21052631578947367
NHEEEMKDLR;1;0.21052631578947367
LSQRFPK;1;0.21052631578947367
PVQALLLNQELLLNPTHQIYPVTQPLAPVHNPISV;1;0.21052631578947367
LRPVAAEVY;1;0.21052631578947367
PSSNDDNPWIQVNLLR;1;0.21052631578947367
TGLRRTAGWNVPIGTLRPFLNWTGPPEPIEAAVAR;1;0.21052631578947367
FDVYTESWAQDPSQENKK;1;0.21052631578947367
QVASMTKPTTIIEK;1;0.21052631578947367
SLDGGYVYTAGK;1;0.21052631578947367
HENDERPFYQKTAPYVPMYYVPNSYPYYGTNLYQR;1;0.21052631578947367
LDELRDEGKASSAK;1;0.21052631578947367
RMWVTGVVTQGASR;1;0.21052631578947367
PAVVRPHAQIPQR;1;0.21052631578947367
ITGTMPPLPLEATGLALSSLR;1;0.21052631578947367
TIESLSSSEESITEYKQK;1;0.21052631578947367
VSDDGEYTCFFREDGSYEEALVHLK;1;0.21052631578947367
RKPVTEAR;1;0.21052631578947367
LADFALLCLDGKR;1;0.21052631578947367
NGKEDAIWNLLR;1;0.21052631578947367
SLLVNPEGPTLMR;1;0.21052631578947367
